{"cameraMode":{"drawMode":0,"name":"Shaded","section":"Shading Mode"},"sceneLighting":true,"audioPlay":false,"sceneViewState":{"m_AlwaysRefresh":false,"showFog":true,"showSkybox":true,"showFlares":true,"showImageEffects":true,"showParticleSystems":true,"showVisualEffectGraphs":true,"m_FxEnabled":true},"in2DMode":false,"pivot":{"x":-2.8492794036865236,"y":2.0913186073303224,"z":2.6321187019348146},"rotation":{"x":0.21119295060634614,"y":0.5235621333122253,"z":-0.13581398129463197,"w":0.8141458034515381},"size":5.9887824058532719,"orthographic":false}